Quartos,Banheiros,Distância ao centro (km),Garagem,Preço (R$)
1,1,1.9,0,675
1,1,2.0,0,625
1,1,1.6,0,700
1,1,1.8,0,700
1,1,1.9,0,650
1,1,1.6,0,775
1,1,1.5,0,775
1,1,2.0,0,775
1,1,1.4,0,775
1,1,1.6,0,750
1,1,1.4,0,750
1,1,1.1,0,825
1,1,1.2,0,775
1,1,1.3,0,850
1,1,1.3,0,850
1,1,1.3,0,850
1,1,1.2,0,800
1,1,1.8,0,775
1,1,1.7,0,825
1,1,1.1,0,875
1,1,1.3,0,900
1,1,1.4,0,850
1,1,1.0,0,925
1,1,1.7,0,875
1,1,0.9,0,925
1,1,1.1,0,925
1,1,0.7,0,925
1,1,1.1,0,875
1,1,1.3,0,875
1,1,1.1,1,950
1,1,1.0,1,1000
1,1,1.4,1,1000
1,1,1.2,1,1000
1,1,1.9,1,975
1,1,0.7,0,950
1,1,1.7,1,975
1,1,1.5,1,1000
1,1,1.5,1,1000
1,1,0.9,0,950
1,1,0.8,0,975
1,1,0.8,0,975
1,1,1.0,1,1050
1,1,0.8,0,1075
1,1,1.1,1,1100
1,1,0.5,0,1050
1,1,1.0,1,1050
1,1,1.0,1,1050
1,1,1.2,1,1050
1,1,1.0,1,1050
1,1,0.6,0,1025
1,1,1.1,1,1075
1,1,1.0,1,1075
1,1,0.7,0,1050
1,1,1.0,1,1025
1,1,0.6,0,1075
1,1,0.8,1,1125
1,1,0.5,0,1100
1,1,0.9,1,1100
2,1,1.9,0,1175
2,1,1.5,0,1150
2,1,1.6,0,1175
1,1,0.9,1,1100
1,1,0.5,0,1150
1,1,0.5,0,1150
1,1,0.6,1,1175
1,1,1.0,1,1150
1,1,0.5,0,1150
1,1,1.0,1,1125
1,1,0.5,0,1100
2,1,1.8,0,1150
1,1,0.8,1,1100
2,1,1.9,0,1175
2,1,1.7,0,1250
2,1,1.9,0,1225
2,1,1.4,0,1225
1,1,0.6,1,1200
1,1,0.4,0,1225
2,1,1.8,0,1200
1,1,0.5,0,1200
1,1,0.4,0,1200
2,1,1.8,0,1250
1,1,0.6,1,1175
1,1,0.4,0,1225
2,1,1.7,0,1175
2,1,1.8,0,1225
2,1,1.6,0,1200
2,1,1.5,0,1175
2,1,1.7,0,1225
2,1,1.6,0,1225
2,1,1.5,0,1275
2,1,1.7,0,1275
2,1,1.1,0,1300
1,1,0.5,1,1325
1,1,0.3,0,1300
2,1,1.6,0,1275
2,1,1.3,0,1275
2,1,1.0,0,1275
1,1,0.4,0,1275
2,1,1.0,0,1325
2,1,1.3,0,1300
2,1,1.4,1,1325
2,1,1.1,0,1300
2,1,1.1,0,1275
2,1,1.4,0,1275
2,1,1.0,0,1275
2,1,1.2,0,1325
2,1,1.4,0,1300
2,1,1.4,0,1275
1,1,0.3,0,1400
2,1,1.6,1,1375
2,1,0.8,0,1400
2,1,1.2,0,1350
2,2,2.0,0,1375
2,1,0.7,0,1375
2,1,1.5,1,1375
2,1,1.7,1,1375
2,1,1.8,1,1400
2,1,1.0,0,1350
2,1,1.5,1,1425
2,1,1.8,1,1400
2,1,1.6,1,1400
2,1,0.9,0,1400
2,1,1.7,1,1350
1,1,0.3,0,1400
2,1,1.4,0,1350
1,1,0.3,0,1350
2,1,1.5,1,1375
2,1,1.7,1,1350
2,2,1.6,0,1450
2,1,1.0,0,1425
1,1,0.4,1,1425
2,1,0.7,0,1450
2,2,1.7,0,1500
2,2,1.6,0,1500
2,2,1.6,0,1475
2,1,1.9,1,1475
2,1,1.7,1,1450
2,1,1.3,1,1450
2,1,1.2,1,1475
2,2,1.6,0,1475
2,1,1.0,1,1475
2,1,0.8,0,1475
2,1,0.7,0,1475
2,2,1.8,0,1450
2,1,1.3,1,1450
2,1,1.5,1,1450
2,1,0.6,0,1450
2,1,0.7,0,1475
2,2,1.8,0,1525
2,1,0.8,1,1550
1,1,0.3,1,1500
1,1,0.2,0,1525
2,1,0.5,0,1525
2,1,0.7,0,1525
2,1,0.5,0,1575
2,1,0.5,0,1525
1,1,0.3,1,1550
2,2,1.8,0,1525
2,2,1.6,0,1550
2,2,1.9,0,1525
2,2,1.3,0,1525
2,1,1.1,1,1500
2,1,0.5,0,1550
2,1,0.8,1,1550
2,2,0.8,0,1575
2,2,1.7,1,1525
2,1,0.9,1,1575
2,2,1.3,0,1500
1,1,0.2,0,1600
3,1,1.8,0,1600
2,1,0.5,0,1625
2,2,1.4,1,1625
2,1,0.8,1,1600
2,2,1.6,1,1625
2,1,0.7,1,1575
2,2,1.8,1,1600
2,2,0.7,0,1625
2,1,0.7,1,1575
2,2,1.1,0,1650
2,1,0.4,0,1600
2,2,1.7,1,1625
2,1,0.9,1,1575
1,1,0.2,0,1600
2,1,0.7,1,1625
2,2,1.3,1,1625
2,2,1.0,0,1575
2,2,1.7,1,1600
2,2,1.8,1,1600
2,1,0.5,1,1700
2,1,0.4,0,1650
2,1,0.5,0,1650
2,2,1.2,1,1725
2,2,1.5,1,1650
3,1,1.8,0,1675
1,1,0.2,1,1700
2,2,0.7,0,1700
3,1,1.3,0,1700
3,1,1.8,0,1675
3,1,1.4,0,1675
3,1,1.4,0,1700
3,1,1.5,0,1650
3,1,1.5,0,1700
2,1,0.5,0,1650
2,2,1.4,1,1675
2,1,0.5,0,1675
2,1,0.6,1,1650
3,1,2.0,1,1775
2,2,0.7,0,1775
2,1,0.3,0,1775
3,1,2.0,0,1800
3,1,0.9,0,1800
3,1,0.9,0,1775
3,1,1.5,0,1800
3,1,1.5,0,1750
2,2,0.8,1,1750
3,1,2.0,1,1800
2,2,0.8,1,1725
3,1,1.0,0,1800
3,1,1.0,0,1800
2,1,0.3,0,1800
3,2,1.8,0,1775
2,1,0.3,0,1775
2,2,0.8,1,1800
3,2,1.9,0,1825
3,1,1.9,1,1875
2,2,0.8,1,1825
3,2,2.0,0,1875
3,2,1.7,0,1875
2,2,0.6,0,1850
2,2,0.5,0,1875
3,1,1.4,1,1875
2,2,0.5,0,1825
3,1,0.8,0,1875
3,1,0.9,1,1875
2,1,0.4,0,1825
3,2,2.0,0,1875
3,1,1.4,1,1875
2,1,0.3,0,1825
3,2,1.6,0,1900
3,2,1.2,0,1900
2,1,0.3,0,1900
3,1,1.5,1,1925
3,2,1.6,0,1950
3,1,1.3,1,1925
3,2,1.4,0,1925
3,2,2.0,0,1900
3,1,1.6,1,1925
3,1,1.5,1,1900
3,2,2.0,0,1950
3,2,1.5,0,1950
3,1,1.1,1,1925
3,2,1.6,1,2050
3,2,1.6,1,2025
3,2,1.7,1,2050
3,1,1.4,1,1975
3,1,0.8,1,2050
3,2,1.1,0,2025
3,2,1.0,0,2025
3,2,1.7,1,2025
2,1,0.2,0,2050
2,2,0.3,0,2000
3,2,1.8,1,2050
2,2,0.4,1,2075
2,2,0.3,0,2075
3,1,0.6,1,2100
3,2,1.6,1,2075
3,2,1.1,1,2075
3,2,0.7,0,2125
2,1,0.2,0,2100
3,2,1.9,1,2075
3,2,0.7,0,2100
3,2,0.5,0,2150
3,2,1.4,1,2175
3,2,1.0,1,2125
3,2,1.3,1,2150
3,1,0.5,1,2175
3,2,1.1,1,2150
3,2,0.9,1,2175
3,1,0.3,0,2275
3,2,0.6,1,2250
3,1,0.3,0,2225
3,2,0.9,1,2225
3,2,0.6,1,2250
3,2,0.7,1,2300
3,2,0.4,0,2300
3,2,0.7,1,2300
3,2,0.4,0,2325
3,2,0.4,0,2400
3,2,0.5,1,2400
2,2,0.2,1,2425
3,2,0.4,1,2450
3,2,0.3,0,2500
3,2,0.3,0,2550
3,2,0.3,1,2650
3,1,0.2,1,2725
1,1,1.1,0,600
1,1,0.9,0,800
2,1,1.0,0,1300
2,1,1.0,1,1400
3,2,0.2,0,1275
